user_session_id,session_start_time,session_date,session_month,device_category,device_language,operating_system,country,source,medium,campaign,source_medium,landing_page,landing_page_short,reached_session_start,reached_view_item,reached_add_to_cart,reached_begin_checkout,reached_add_shipping_info,reached_add_payment_info,reached_purchase,funnel_step,funnel_order,step_reached,purchase_flag,funnel_completed_steps
81192995.20610783232422387219,2020-11-04 21:38:13.773314 UTC,2020-11-04,2020-11,desktop,,Windows,Kazakhstan,(data deleted),(data deleted),(data deleted),(data deleted) / (data deleted),https://googlemerchandisestore.com/,googlemerchandisestore.com,1,0,0,0,0,0,0,session_start,1,1,0,1
20614230.46944972368264091169,2020-12-16 12:43:21.206628 UTC,2020-12-16,2020-12,desktop,,Macintosh,United States,(data deleted),(data deleted),(data deleted),(data deleted) / (data deleted),https://shop.googlemerchandisestore.com/,shop.googlemerchandisestore.com,1,0,0,0,0,0,0,session_start,1,1,0,1
2875194.5703142383195354018,2021-01-20 01:41:41.592271 UTC,2021-01-20,2021-01,desktop,,Web,United States,(data deleted),(data deleted),(data deleted),(data deleted) / (data deleted),https://shop.googlemerchandisestore.com/signin.html,shop.googlemerchandisestore.com,1,0,0,0,0,0,0,session_start,1,1,0,1
36762746.77458851336356901532,2020-11-22 04:20:15.763079 UTC,2020-11-22,2020-11,desktop,en-us,Windows,United States,(data deleted),(data deleted),(data deleted),(data deleted) / (data deleted),https://googlemerchandisestore.com/,googlemerchandisestore.com,1,0,0,0,0,0,0,session_start,1,1,0,1
4577597336.70860804854195186773,2020-12-01 01:19:06.443905 UTC,2020-12-01,2020-12,desktop,en-us,Web,India,(data deleted),(data deleted),(data deleted),(data deleted) / (data deleted),https://shop.googlemerchandisestore.com/,shop.googlemerchandisestore.com,1,0,0,0,0,0,0,session_start,1,1,0,1
5247058.1930196280205352327,2020-12-20 11:04:08.637377 UTC,2020-12-20,2020-12,mobile,en-us,iOS,United States,(data deleted),(data deleted),(data deleted),(data deleted) / (data deleted),https://shop.googlemerchandisestore.com/signin.html,shop.googlemerchandisestore.com,1,0,0,0,0,0,0,session_start,1,1,0,1
7896813.30979471236438831602,2020-12-04 20:18:09.270868 UTC,2020-12-04,2020-12,desktop,en-us,Web,United States,(data deleted),(data deleted),(data deleted),(data deleted) / (data deleted),https://shop.googlemerchandisestore.com/,shop.googlemerchandisestore.com,1,0,0,0,0,0,0,session_start,1,1,0,1
3533062.04225676511841251850,2020-12-23 08:20:44.619237 UTC,2020-12-23,2020-12,mobile,en-us,Web,United States,(data deleted),(data deleted),(data deleted),(data deleted) / (data deleted),https://shop.googlemerchandisestore.com/signin.html,shop.googlemerchandisestore.com,1,0,0,0,0,0,0,session_start,1,1,0,1
8065669.1104609962288100029,2021-01-18 19:51:49.132519 UTC,2021-01-18,2021-01,desktop,en-us,Web,India,(data deleted),(data deleted),(data deleted),(data deleted) / (data deleted),https://shop.googlemerchandisestore.com/Google+Redesign/Apparel/Womens,shop.googlemerchandisestore.com,1,0,0,0,0,0,0,session_start,1,1,0,1
29758883.26458170938298822091,2020-12-16 19:14:37.103246 UTC,2020-12-16,2020-12,desktop,en-us,Web,United States,(data deleted),(data deleted),(data deleted),(data deleted) / (data deleted),https://shop.googlemerchandisestore.com/Google+Redesign/Apparel,shop.googlemerchandisestore.com,1,0,0,0,0,0,0,session_start,1,1,0,1
6838957.81694902535903085708,2020-11-09 12:10:08.251258 UTC,2020-11-09,2020-11,desktop,en-us,Windows,United States,(data deleted),(data deleted),(data deleted),(data deleted) / (data deleted),https://www.googlemerchandisestore.com/,www.googlemerchandisestore.com,1,0,0,0,0,0,0,session_start,1,1,0,1
88029987.95841932708404598703,2021-01-31 01:02:00.265666 UTC,2021-01-31,2021-01,desktop,en-us,Macintosh,Hong Kong,(data deleted),(data deleted),(data deleted),(data deleted) / (data deleted),https://shop.googlemerchandisestore.com/register.html,shop.googlemerchandisestore.com,1,0,0,0,0,0,0,session_start,1,1,0,1
4700225269.81560813433249255544,2020-11-20 12:38:32.324038 UTC,2020-11-20,2020-11,mobile,en-ca,Web,United States,(data deleted),(data deleted),(data deleted),(data deleted) / (data deleted),https://shop.googlemerchandisestore.com/,shop.googlemerchandisestore.com,1,0,0,0,0,0,0,session_start,1,1,0,1
3297153.09572160807675370952,2020-11-30 18:36:16.637082 UTC,2020-11-30,2020-11,mobile,en-us,iOS,Ecuador,(data deleted),(data deleted),(data deleted),(data deleted) / (data deleted),https://shop.googlemerchandisestore.com/store.html,shop.googlemerchandisestore.com,1,0,0,0,0,0,0,session_start,1,1,0,1
50893049.71008804004910060397,2021-01-15 04:04:45.187794 UTC,2021-01-15,2021-01,desktop,,Web,United States,(data deleted),(data deleted),(data deleted),(data deleted) / (data deleted),https://shop.googlemerchandisestore.com/,shop.googlemerchandisestore.com,1,0,0,0,0,0,0,session_start,1,1,0,1
2099761.36352384155700098209,2020-12-20 05:44:48.748828 UTC,2020-12-20,2020-12,mobile,,Web,United States,(data deleted),(data deleted),(data deleted),(data deleted) / (data deleted),https://shop.googlemerchandisestore.com/Google+Redesign/New,shop.googlemerchandisestore.com,1,0,0,0,0,0,0,session_start,1,1,0,1
75805641.26089382022351313200,2021-01-26 18:00:46.191557 UTC,2021-01-26,2021-01,desktop,en-us,Macintosh,United States,(data deleted),(data deleted),(data deleted),(data deleted) / (data deleted),https://googlemerchandisestore.com/,googlemerchandisestore.com,1,0,0,0,0,0,0,session_start,1,1,0,1
6652646.19000743222459034594,2020-12-02 09:12:33.077344 UTC,2020-12-02,2020-12,desktop,en-us,Windows,India,(data deleted),(data deleted),(data deleted),(data deleted) / (data deleted),https://shop.googlemerchandisestore.com/,shop.googlemerchandisestore.com,1,0,0,0,0,0,0,session_start,1,1,0,1
86109401.24805771519466330940,2021-01-01 12:55:11.151505 UTC,2021-01-01,2021-01,desktop,en-us,Windows,United States,(data deleted),(data deleted),(data deleted),(data deleted) / (data deleted),https://shop.googlemerchandisestore.com/Google+Redesign/Lifestyle/Bags,shop.googlemerchandisestore.com,1,0,0,0,0,0,0,session_start,1,1,0,1
73788836.66470227161872624951,2020-12-10 09:44:16.368760 UTC,2020-12-10,2020-12,mobile,,Web,United States,(data deleted),(data deleted),(data deleted),(data deleted) / (data deleted),https://shop.googlemerchandisestore.com/signin.html,shop.googlemerchandisestore.com,1,0,0,0,0,0,0,session_start,1,1,0,1
78101200.64581535241751293435,2021-01-08 11:39:01.231160 UTC,2021-01-08,2021-01,desktop,,Web,Germany,(data deleted),(data deleted),(data deleted),(data deleted) / (data deleted),https://shop.googlemerchandisestore.com/Google+Redesign/Shop+by+Brand/Google,shop.googlemerchandisestore.com,1,0,0,0,0,0,0,session_start,1,1,0,1
7322161.91104395103294406416,2020-12-09 02:56:24.009612 UTC,2020-12-09,2020-12,mobile,,iOS,China,(data deleted),(data deleted),(data deleted),(data deleted) / (data deleted),https://shop.googlemerchandisestore.com/,shop.googlemerchandisestore.com,1,0,0,0,0,0,0,session_start,1,1,0,1
4012867.28367779366406140530,2021-01-05 06:15:07.380855 UTC,2021-01-05,2021-01,mobile,,iOS,Taiwan,(data deleted),(data deleted),(data deleted),(data deleted) / (data deleted),https://shop.googlemerchandisestore.com/Google+Redesign/Lifestyle/Small+Goods,shop.googlemerchandisestore.com,1,0,0,0,0,0,0,session_start,1,1,0,1
83370348.83968770713868320720,2020-11-16 15:06:19.371311 UTC,2020-11-16,2020-11,mobile,en-us,Android,United States,(data deleted),(data deleted),(data deleted),(data deleted) / (data deleted),https://shop.googlemerchandisestore.com/,shop.googlemerchandisestore.com,1,0,0,0,0,0,0,session_start,1,1,0,1
4439956.37159829582791172993,2020-11-24 16:10:01.526676 UTC,2020-11-24,2020-11,desktop,en-us,Web,Mexico,(data deleted),(data deleted),(data deleted),(data deleted) / (data deleted),https://shop.googlemerchandisestore.com/Google+Redesign/Campus+Collection,shop.googlemerchandisestore.com,1,0,0,0,0,0,0,session_start,1,1,0,1
1332331.56645322789029545059,2021-01-27 04:22:31.663074 UTC,2021-01-27,2021-01,desktop,en-us,Web,Canada,(data deleted),(data deleted),(data deleted),(data deleted) / (data deleted),https://googlemerchandisestore.com/,googlemerchandisestore.com,1,0,0,0,0,0,0,session_start,1,1,0,1
1621120.10609584586310212253,2021-01-13 05:49:58.037065 UTC,2021-01-13,2021-01,mobile,,iOS,United States,(data deleted),(data deleted),(data deleted),(data deleted) / (data deleted),https://shop.googlemerchandisestore.com/signin.html,shop.googlemerchandisestore.com,1,0,0,0,0,0,0,session_start,1,1,0,1
2932384.38354394462690299077,2020-12-11 16:06:34.199420 UTC,2020-12-11,2020-12,mobile,,iOS,United States,(data deleted),(data deleted),(data deleted),(data deleted) / (data deleted),https://shop.googlemerchandisestore.com/google+redesign/shop+by+brand/youtube,shop.googlemerchandisestore.com,1,0,0,0,0,0,0,session_start,1,1,0,1
29709365.48419765856882534483,2020-11-04 17:55:39.692856 UTC,2020-11-04,2020-11,desktop,de,Windows,Germany,(data deleted),(data deleted),(data deleted),(data deleted) / (data deleted),https://shop.googlemerchandisestore.com/,shop.googlemerchandisestore.com,1,0,0,0,0,0,0,session_start,1,1,0,1
63376134.43173079265905217935,2020-11-24 10:17:30.820769 UTC,2020-11-24,2020-11,desktop,en-us,Macintosh,Nigeria,(data deleted),(data deleted),(data deleted),(data deleted) / (data deleted),https://shop.googlemerchandisestore.com/Google+Redesign/Bags/Google+Utility+BackPack,shop.googlemerchandisestore.com,1,0,0,0,0,0,0,session_start,1,1,0,1
33515770.59504296577442637056,2020-11-09 23:33:27.326524 UTC,2020-11-09,2020-11,desktop,,Web,Germany,(data deleted),(data deleted),(data deleted),(data deleted) / (data deleted),https://shop.googlemerchandisestore.com/Google+Redesign/Apparel/Mens/Mens+T+Shirts,shop.googlemerchandisestore.com,1,0,0,0,0,0,0,session_start,1,1,0,1
22930642.278162740136015624,2020-11-03 10:54:12.030736 UTC,2020-11-03,2020-11,mobile,,Web,United States,(data deleted),(data deleted),(data deleted),(data deleted) / (data deleted),https://shop.googlemerchandisestore.com/,shop.googlemerchandisestore.com,1,0,0,0,0,0,0,session_start,1,1,0,1
92390773.43874136954085249148,2020-11-25 17:04:37.224157 UTC,2020-11-25,2020-11,mobile,,Android,Denmark,(data deleted),(data deleted),(data deleted),(data deleted) / (data deleted),https://shop.googlemerchandisestore.com/Google+Redesign/Clearance,shop.googlemerchandisestore.com,1,0,0,0,0,0,0,session_start,1,1,0,1
41104969.11994441837228401298,2020-11-02 19:50:00.770816 UTC,2020-11-02,2020-11,desktop,en-us,Web,Germany,(data deleted),(data deleted),(data deleted),(data deleted) / (data deleted),https://shop.googlemerchandisestore.com/Google+Redesign/Apparel/Google+Heathered+Pom+Beanie,shop.googlemerchandisestore.com,1,0,0,0,0,0,0,session_start,1,1,0,1
41745947.64647207056719883985,2020-11-10 20:52:39.974406 UTC,2020-11-10,2020-11,desktop,de,Windows,Egypt,(data deleted),(data deleted),(data deleted),(data deleted) / (data deleted),https://shop.googlemerchandisestore.com/,shop.googlemerchandisestore.com,1,0,0,0,0,0,0,session_start,1,1,0,1
48803652.04217341695580934842,2020-12-08 04:31:51.881024 UTC,2020-12-08,2020-12,desktop,en-gb,Macintosh,United States,(data deleted),(data deleted),(data deleted),(data deleted) / (data deleted),https://shop.googlemerchandisestore.com/,shop.googlemerchandisestore.com,1,0,0,0,0,0,0,session_start,1,1,0,1
2630642.1351915240513354581,2020-12-04 00:46:50.689393 UTC,2020-12-04,2020-12,desktop,,Web,Canada,(data deleted),(data deleted),(data deleted),(data deleted) / (data deleted),https://shop.googlemerchandisestore.com/,shop.googlemerchandisestore.com,1,0,0,0,0,0,0,session_start,1,1,0,1
47583697.35086400325936127625,2020-11-29 17:30:17.627200 UTC,2020-11-29,2020-11,desktop,en-gb,Macintosh,Italy,(data deleted),(data deleted),(data deleted),(data deleted) / (data deleted),https://shop.googlemerchandisestore.com/Google+Redesign/Apparel/Hats,shop.googlemerchandisestore.com,1,0,0,0,0,0,0,session_start,1,1,0,1
7517070.33272689153181468746,2020-11-06 17:55:35.677110 UTC,2020-11-06,2020-11,mobile,,Android,United States,(data deleted),(data deleted),(data deleted),(data deleted) / (data deleted),https://shop.googlemerchandisestore.com/,shop.googlemerchandisestore.com,1,0,0,0,0,0,0,session_start,1,1,0,1
8316157.87697315853148634986,2021-01-13 22:16:05.427369 UTC,2021-01-13,2021-01,desktop,,Web,Switzerland,(data deleted),(data deleted),(data deleted),(data deleted) / (data deleted),https://shop.googlemerchandisestore.com/Google+Redesign/Bags/Supernatural+Paper+Lunch+Sack,shop.googlemerchandisestore.com,1,0,0,0,0,0,0,session_start,1,1,0,1
7150186.69265544841073738317,2020-11-17 21:38:52.567435 UTC,2020-11-17,2020-11,mobile,,Android,India,(data deleted),(data deleted),(data deleted),(data deleted) / (data deleted),https://shop.googlemerchandisestore.com/Google+Redesign/Apparel/Google+Womens+Puff+Jacket+Black,shop.googlemerchandisestore.com,1,0,0,0,0,0,0,session_start,1,1,0,1
38505905.93023858321865507845,2020-12-10 22:59:18.174595 UTC,2020-12-10,2020-12,desktop,,Web,France,(data deleted),(data deleted),(data deleted),(data deleted) / (data deleted),https://shop.googlemerchandisestore.com/Google+Redesign/Campus+Collection,shop.googlemerchandisestore.com,1,0,0,0,0,0,0,session_start,1,1,0,1
6584802.27687830504261731268,2021-01-21 20:24:58.642123 UTC,2021-01-21,2021-01,mobile,en-us,Android,United States,(data deleted),(data deleted),(data deleted),(data deleted) / (data deleted),https://shop.googlemerchandisestore.com/signin.html,shop.googlemerchandisestore.com,1,0,0,0,0,0,0,session_start,1,1,0,1
51714959.00356722293506878853,2020-11-02 07:46:18.794941 UTC,2020-11-02,2020-11,desktop,zh,Web,South Korea,(data deleted),(data deleted),(data deleted),(data deleted) / (data deleted),https://shop.googlemerchandisestore.com/signin.html,shop.googlemerchandisestore.com,1,0,0,0,0,0,0,session_start,1,1,0,1
5670930.61133942793050064892,2021-01-02 13:56:38.944783 UTC,2021-01-02,2021-01,desktop,en-us,Web,South Africa,(data deleted),(data deleted),(data deleted),(data deleted) / (data deleted),https://shop.googlemerchandisestore.com/,shop.googlemerchandisestore.com,1,0,0,0,0,0,0,session_start,1,1,0,1
28978683.77161616835830852064,2020-11-07 00:12:25.449264 UTC,2020-11-07,2020-11,mobile,,Web,France,(data deleted),(data deleted),(data deleted),(data deleted) / (data deleted),https://shop.googlemerchandisestore.com/Google+Redesign/Shop+by+Brand/YouTube,shop.googlemerchandisestore.com,1,0,0,0,0,0,0,session_start,1,1,0,1
4690698.2118833390137420107,2020-12-18 11:08:23.513748 UTC,2020-12-18,2020-12,desktop,,Web,United States,(data deleted),(data deleted),(data deleted),(data deleted) / (data deleted),https://shop.googlemerchandisestore.com/Google+Redesign/Shop+by+Brand/Google,shop.googlemerchandisestore.com,1,0,0,0,0,0,0,session_start,1,1,0,1
11154046.5845154271239221825,2020-11-21 06:21:54.005295 UTC,2020-11-21,2020-11,mobile,,Android,South Korea,(data deleted),(data deleted),(data deleted),(data deleted) / (data deleted),https://shop.googlemerchandisestore.com/Google+Redesign/Apparel,shop.googlemerchandisestore.com,1,0,0,0,0,0,0,session_start,1,1,0,1
7196333.7416333309703642974,2020-11-16 12:37:29.708459 UTC,2020-11-16,2020-11,mobile,en-us,Android,United States,(data deleted),(data deleted),(data deleted),(data deleted) / (data deleted),https://shop.googlemerchandisestore.com/,shop.googlemerchandisestore.com,1,0,0,0,0,0,0,session_start,1,1,0,1
11595437.02318507477480036427,2020-12-07 22:54:53.484964 UTC,2020-12-07,2020-12,mobile,en-us,Android,India,(data deleted),(data deleted),(data deleted),(data deleted) / (data deleted),https://shop.googlemerchandisestore.com/,shop.googlemerchandisestore.com,1,0,0,0,0,0,0,session_start,1,1,0,1
70530995.13430192282086917009,2021-01-07 19:29:43.811137 UTC,2021-01-07,2021-01,desktop,en-us,Web,India,(data deleted),(data deleted),(data deleted),(data deleted) / (data deleted),https://shop.googlemerchandisestore.com/Google+Redesign/Apparel/YouTube+Transmission+Journal+Red,shop.googlemerchandisestore.com,1,0,0,0,0,0,0,session_start,1,1,0,1
73875204.18395789892262105079,2020-11-11 01:27:49.311147 UTC,2020-11-11,2020-11,desktop,,Web,United States,(data deleted),(data deleted),(data deleted),(data deleted) / (data deleted),https://googlemerchandisestore.com/,googlemerchandisestore.com,1,0,0,0,0,0,0,session_start,1,1,0,1
32349574.2975985922226012205,2021-01-31 19:50:50.834207 UTC,2021-01-31,2021-01,mobile,en-gb,Android,Taiwan,(data deleted),(data deleted),(data deleted),(data deleted) / (data deleted),https://www.googlemerchandisestore.com/,www.googlemerchandisestore.com,1,0,0,0,0,0,0,session_start,1,1,0,1
10009602.53838622456703203838,2021-01-30 20:37:33.924600 UTC,2021-01-30,2021-01,desktop,en-us,Web,India,(data deleted),(data deleted),(data deleted),(data deleted) / (data deleted),https://shop.googlemerchandisestore.com/store.html,shop.googlemerchandisestore.com,1,0,0,0,0,0,0,session_start,1,1,0,1
8737821.38597556674160857055,2021-01-03 18:32:55.337587 UTC,2021-01-03,2021-01,mobile,en-gb,iOS,United States,(data deleted),(data deleted),(data deleted),(data deleted) / (data deleted),https://shop.googlemerchandisestore.com/,shop.googlemerchandisestore.com,1,0,0,0,0,0,0,session_start,1,1,0,1
5637142572.62852991689372164360,2021-01-03 16:03:41.899647 UTC,2021-01-03,2021-01,desktop,zh,Macintosh,South Korea,(data deleted),(data deleted),(data deleted),(data deleted) / (data deleted),https://shop.googlemerchandisestore.com/,shop.googlemerchandisestore.com,1,0,0,0,0,0,0,session_start,1,1,0,1
15782413.63220882841241469904,2020-12-17 12:21:43.850224 UTC,2020-12-17,2020-12,desktop,,Windows,United States,(data deleted),(data deleted),(data deleted),(data deleted) / (data deleted),https://shop.googlemerchandisestore.com/,shop.googlemerchandisestore.com,1,0,0,0,0,0,0,session_start,1,1,0,1
17567321.92591497623439511409,2020-12-30 01:36:41.425686 UTC,2020-12-30,2020-12,desktop,,Windows,United States,(data deleted),(data deleted),(data deleted),(data deleted) / (data deleted),https://shop.googlemerchandisestore.com/,shop.googlemerchandisestore.com,1,0,0,0,0,0,0,session_start,1,1,0,1
6526321.19017665839077193852,2020-12-10 15:59:22.466268 UTC,2020-12-10,2020-12,desktop,en-us,Web,United States,(data deleted),(data deleted),(data deleted),(data deleted) / (data deleted),https://googlemerchandisestore.com/,googlemerchandisestore.com,1,0,0,0,0,0,0,session_start,1,1,0,1
67595424.70678643046626255151,2021-01-08 02:57:17.379114 UTC,2021-01-08,2021-01,mobile,en-us,iOS,United States,(data deleted),(data deleted),(data deleted),(data deleted) / (data deleted),https://shop.googlemerchandisestore.com/store.html,shop.googlemerchandisestore.com,1,0,0,0,0,0,0,session_start,1,1,0,1
5909432332.72425726808999547145,2020-12-19 03:15:12.189999 UTC,2020-12-19,2020-12,mobile,en-us,Android,United States,(data deleted),(data deleted),(data deleted),(data deleted) / (data deleted),https://shop.googlemerchandisestore.com/Google+Redesign/Apparel/Mens,shop.googlemerchandisestore.com,1,0,0,0,0,0,0,session_start,1,1,0,1
88448073.28029769649070645320,2020-11-12 18:03:48.190064 UTC,2020-11-12,2020-11,desktop,en-us,Macintosh,United States,(data deleted),(data deleted),(data deleted),(data deleted) / (data deleted),https://shop.googlemerchandisestore.com/Google+Redesign/Shop+by+Brand/YouTube,shop.googlemerchandisestore.com,1,0,0,0,0,0,0,session_start,1,1,0,1
11985171.43258884768852853627,2020-11-09 23:50:58.614553 UTC,2020-11-09,2020-11,desktop,en-gb,Windows,India,(data deleted),(data deleted),(data deleted),(data deleted) / (data deleted),https://shop.googlemerchandisestore.com/store.html,shop.googlemerchandisestore.com,1,0,0,0,0,0,0,session_start,1,1,0,1
6768517.96171341301111811883,2020-12-08 03:56:07.113408 UTC,2020-12-08,2020-12,desktop,,Macintosh,Germany,(data deleted),(data deleted),(data deleted),(data deleted) / (data deleted),https://shop.googlemerchandisestore.com/,shop.googlemerchandisestore.com,1,0,0,0,0,0,0,session_start,1,1,0,1
79721311.07356431702085544136,2020-12-08 02:29:06.572437 UTC,2020-12-08,2020-12,desktop,en-us,Web,Australia,(data deleted),(data deleted),(data deleted),(data deleted) / (data deleted),https://googlemerchandisestore.com/,googlemerchandisestore.com,1,0,0,0,0,0,0,session_start,1,1,0,1
2869238.6590794100991509850,2021-01-25 00:30:13.628432 UTC,2021-01-25,2021-01,mobile,,Android,United States,(data deleted),(data deleted),(data deleted),(data deleted) / (data deleted),https://shop.googlemerchandisestore.com/Google+Redesign/Apparel/Google+Dino+Game+Tee,shop.googlemerchandisestore.com,1,0,0,0,0,0,0,session_start,1,1,0,1
3986027.79553371572811113260,2021-01-16 00:13:33.553391 UTC,2021-01-16,2021-01,mobile,,Android,United States,(data deleted),(data deleted),(data deleted),(data deleted) / (data deleted),https://shop.googlemerchandisestore.com/Google+Redesign/Apparel/Socks,shop.googlemerchandisestore.com,1,0,0,0,0,0,0,session_start,1,1,0,1
35402560.05779241275390547640,2020-12-20 06:10:13.287514 UTC,2020-12-20,2020-12,mobile,fr,Web,United States,(data deleted),(data deleted),(data deleted),(data deleted) / (data deleted),https://shop.googlemerchandisestore.com/Google+Redesign/Apparel/Womens,shop.googlemerchandisestore.com,1,0,0,0,0,0,0,session_start,1,1,0,1
1263080.76268754438658768628,2021-01-10 00:21:27.575214 UTC,2021-01-10,2021-01,desktop,,Web,Russia,(data deleted),(data deleted),(data deleted),(data deleted) / (data deleted),https://shop.googlemerchandisestore.com/google+redesign/shop+by+brand/youtube,shop.googlemerchandisestore.com,1,0,0,0,0,0,0,session_start,1,1,0,1
5210718.76360417704371352530,2020-11-23 23:42:04.349339 UTC,2020-11-23,2020-11,desktop,en-us,Web,Honduras,(data deleted),(data deleted),(data deleted),(data deleted) / (data deleted),https://shop.googlemerchandisestore.com/Google+Redesign/Shop+by+Brand/YouTube,shop.googlemerchandisestore.com,1,0,0,0,0,0,0,session_start,1,1,0,1
5183334.43495390155740942954,2020-11-08 00:32:32.586336 UTC,2020-11-08,2020-11,mobile,,iOS,United States,(data deleted),(data deleted),(data deleted),(data deleted) / (data deleted),https://shop.googlemerchandisestore.com/Google+Redesign/New,shop.googlemerchandisestore.com,1,0,0,0,0,0,0,session_start,1,1,0,1
57107818.55000036546799637517,2020-11-02 04:59:56.281709 UTC,2020-11-02,2020-11,mobile,en,Android,United States,(data deleted),(data deleted),(data deleted),(data deleted) / (data deleted),https://shop.googlemerchandisestore.com/Google+Redesign/Clearance,shop.googlemerchandisestore.com,1,0,0,0,0,0,0,session_start,1,1,0,1
4123718.47123436431108898144,2021-01-12 21:16:49.773384 UTC,2021-01-12,2021-01,desktop,,Web,United States,(data deleted),(data deleted),(data deleted),(data deleted) / (data deleted),https://shop.googlemerchandisestore.com/,shop.googlemerchandisestore.com,1,0,0,0,0,0,0,session_start,1,1,0,1
8474629.38308899341410068388,2020-11-13 22:44:40.674699 UTC,2020-11-13,2020-11,tablet,,Web,United States,(data deleted),(data deleted),(data deleted),(data deleted) / (data deleted),https://shop.googlemerchandisestore.com/Google+Redesign/Apparel,shop.googlemerchandisestore.com,1,0,0,0,0,0,0,session_start,1,1,0,1
10420951.50840533573773334480,2021-01-13 19:32:15.114356 UTC,2021-01-13,2021-01,mobile,en-gb,Android,United States,(data deleted),(data deleted),(data deleted),(data deleted) / (data deleted),https://shop.googlemerchandisestore.com/Google+Redesign/Clearance,shop.googlemerchandisestore.com,1,0,0,0,0,0,0,session_start,1,1,0,1
19985915.03112141183995343933,2020-12-17 14:45:59.321752 UTC,2020-12-17,2020-12,mobile,,Android,United States,(data deleted),(data deleted),(data deleted),(data deleted) / (data deleted),https://www.googlemerchandisestore.com/,www.googlemerchandisestore.com,1,0,0,0,0,0,0,session_start,1,1,0,1
27480925.22068756594414579059,2020-12-06 17:11:58.926991 UTC,2020-12-06,2020-12,mobile,en-us,Web,Vietnam,(data deleted),(data deleted),(data deleted),(data deleted) / (data deleted),https://shop.googlemerchandisestore.com/Google+Redesign/Apparel/Google+Land+and+Sea+Cotton+Cap+LS,shop.googlemerchandisestore.com,1,0,0,0,0,0,0,session_start,1,1,0,1
95225766.04438187474515799773,2020-12-30 16:19:40.106987 UTC,2020-12-30,2020-12,desktop,,Web,United States,(data deleted),(data deleted),(data deleted),(data deleted) / (data deleted),https://shop.googlemerchandisestore.com/,shop.googlemerchandisestore.com,1,0,0,0,0,0,0,session_start,1,1,0,1
6171382.50942299526984492296,2020-12-10 11:27:35.313855 UTC,2020-12-10,2020-12,desktop,en-us,Web,United States,(data deleted),(data deleted),(data deleted),(data deleted) / (data deleted),https://shop.googlemerchandisestore.com/signin.html,shop.googlemerchandisestore.com,1,0,0,0,0,0,0,session_start,1,1,0,1
4231038.07238917417345456900,2020-11-26 05:05:16.913522 UTC,2020-11-26,2020-11,desktop,en-gb,Web,France,(data deleted),(data deleted),(data deleted),(data deleted) / (data deleted),https://shop.googlemerchandisestore.com/,shop.googlemerchandisestore.com,1,0,0,0,0,0,0,session_start,1,1,0,1
23561460.19866546428139940914,2020-11-15 09:17:05.839975 UTC,2020-11-15,2020-11,desktop,,Web,Sweden,(data deleted),(data deleted),(data deleted),(data deleted) / (data deleted),https://shop.googlemerchandisestore.com/,shop.googlemerchandisestore.com,1,0,0,0,0,0,0,session_start,1,1,0,1
59489253.60478365972178098126,2020-12-15 05:15:57.922777 UTC,2020-12-15,2020-12,desktop,,Web,Canada,(data deleted),(data deleted),(data deleted),(data deleted) / (data deleted),https://shop.googlemerchandisestore.com/Google+Redesign/Apparel/YouTube+Crew+Socks,shop.googlemerchandisestore.com,1,0,0,0,0,0,0,session_start,1,1,0,1
59974750.27147565059472168435,2021-01-17 05:45:16.735671 UTC,2021-01-17,2021-01,desktop,,Windows,United States,(data deleted),(data deleted),(data deleted),(data deleted) / (data deleted),https://googlemerchandisestore.com/,googlemerchandisestore.com,1,0,0,0,0,0,0,session_start,1,1,0,1
3137823.63651854023036463858,2020-11-03 21:44:18.071110 UTC,2020-11-03,2020-11,desktop,en-gb,Windows,Peru,(data deleted),(data deleted),(data deleted),(data deleted) / (data deleted),https://shop.googlemerchandisestore.com/,shop.googlemerchandisestore.com,1,0,0,0,0,0,0,session_start,1,1,0,1
6754222.12889339115010737051,2020-11-20 04:19:32.772205 UTC,2020-11-20,2020-11,desktop,,Web,United States,(data deleted),(data deleted),(data deleted),(data deleted) / (data deleted),https://shop.googlemerchandisestore.com/google+redesign/apparel/mens/quickview,shop.googlemerchandisestore.com,1,0,0,0,0,0,0,session_start,1,1,0,1
91623779.58868086093893850227,2020-12-01 04:14:12.576284 UTC,2020-12-01,2020-12,mobile,en-us,Web,France,(data deleted),(data deleted),(data deleted),(data deleted) / (data deleted),https://shop.googlemerchandisestore.com/,shop.googlemerchandisestore.com,1,0,0,0,0,0,0,session_start,1,1,0,1
55280354.22272413717045007343,2020-11-01 18:23:25.177653 UTC,2020-11-01,2020-11,mobile,en-gb,iOS,United States,(data deleted),(data deleted),(data deleted),(data deleted) / (data deleted),https://shop.googlemerchandisestore.com/Google+Redesign/New,shop.googlemerchandisestore.com,1,0,0,0,0,0,0,session_start,1,1,0,1
8597184.06570037745739527082,2020-12-17 13:25:11.494824 UTC,2020-12-17,2020-12,desktop,en-us,Macintosh,United States,(data deleted),(data deleted),(data deleted),(data deleted) / (data deleted),https://shop.googlemerchandisestore.com/Google+Redesign/New,shop.googlemerchandisestore.com,1,0,0,0,0,0,0,session_start,1,1,0,1
50054690.02064279922606394742,2020-12-11 00:01:42.069817 UTC,2020-12-11,2020-12,desktop,,Macintosh,Thailand,(data deleted),(data deleted),(data deleted),(data deleted) / (data deleted),https://shop.googlemerchandisestore.com/revieworder.html,shop.googlemerchandisestore.com,1,0,0,0,0,0,0,session_start,1,1,0,1
10441746.23358794959195749109,2021-01-02 07:25:57.898422 UTC,2021-01-02,2021-01,desktop,,Windows,Germany,(data deleted),(data deleted),(data deleted),(data deleted) / (data deleted),https://googlemerchandisestore.com/,googlemerchandisestore.com,1,0,0,0,0,0,0,session_start,1,1,0,1
7996495.06224149759049425461,2021-01-19 21:09:15.440410 UTC,2021-01-19,2021-01,mobile,de,Web,United States,(data deleted),(data deleted),(data deleted),(data deleted) / (data deleted),https://shop.googlemerchandisestore.com/Google+Redesign/New,shop.googlemerchandisestore.com,1,0,0,0,0,0,0,session_start,1,1,0,1
3847669.96797447027406384141,2020-11-13 23:59:59.069447 UTC,2020-11-13,2020-11,desktop,en-us,Web,United States,(data deleted),(data deleted),(data deleted),(data deleted) / (data deleted),https://shop.googlemerchandisestore.com/Google+Redesign/eco+friendly,shop.googlemerchandisestore.com,1,0,0,0,0,0,0,session_start,1,1,0,1
1973757.87220466302363550996,2021-01-30 08:59:38.585145 UTC,2021-01-30,2021-01,desktop,en-us,Web,United States,(data deleted),(data deleted),(data deleted),(data deleted) / (data deleted),https://shop.googlemerchandisestore.com/,shop.googlemerchandisestore.com,1,0,0,0,0,0,0,session_start,1,1,0,1
49218714.54012945695473932791,2021-01-30 23:35:48.386046 UTC,2021-01-30,2021-01,desktop,,Macintosh,Canada,(data deleted),(data deleted),(data deleted),(data deleted) / (data deleted),https://shop.googlemerchandisestore.com/,shop.googlemerchandisestore.com,1,0,0,0,0,0,0,session_start,1,1,0,1
5116164.34473023532709387,2020-12-14 16:19:36.976934 UTC,2020-12-14,2020-12,tablet,en,Web,United States,(data deleted),(data deleted),(data deleted),(data deleted) / (data deleted),https://shop.googlemerchandisestore.com/basket.html,shop.googlemerchandisestore.com,1,0,0,0,0,0,0,session_start,1,1,0,1
35163365.5527160856377859187,2020-12-14 09:21:40.750378 UTC,2020-12-14,2020-12,desktop,,Windows,Bangladesh,(data deleted),(data deleted),(data deleted),(data deleted) / (data deleted),https://shop.googlemerchandisestore.com/ordercompleted.html,shop.googlemerchandisestore.com,1,0,0,0,0,0,0,session_start,1,1,0,1
37469851.29150273994051433008,2020-12-17 09:33:44.678999 UTC,2020-12-17,2020-12,desktop,,Macintosh,United States,(data deleted),(data deleted),(data deleted),(data deleted) / (data deleted),https://shop.googlemerchandisestore.com/Google+Redesign/Apparel/Mens,shop.googlemerchandisestore.com,1,0,0,0,0,0,0,session_start,1,1,0,1
2604708.7378744958537092927,2020-11-24 04:30:26.177911 UTC,2020-11-24,2020-11,desktop,en-us,Web,United States,(data deleted),(data deleted),(data deleted),(data deleted) / (data deleted),https://shop.googlemerchandisestore.com/Google+Redesign/Apparel,shop.googlemerchandisestore.com,1,0,0,0,0,0,0,session_start,1,1,0,1
3932018881.47527417638497426894,2020-11-24 06:37:40.699426 UTC,2020-11-24,2020-11,desktop,en-us,Macintosh,United Kingdom,(data deleted),(data deleted),(data deleted),(data deleted) / (data deleted),https://shop.googlemerchandisestore.com/Google+Redesign/Shop+by+Brand,shop.googlemerchandisestore.com,1,0,0,0,0,0,0,session_start,1,1,0,1
74198251.26847948236805638464,2021-01-28 16:30:48.602703 UTC,2021-01-28,2021-01,desktop,,Web,United Arab Emirates,(data deleted),(data deleted),(data deleted),(data deleted) / (data deleted),https://shop.googlemerchandisestore.com/,shop.googlemerchandisestore.com,1,0,0,0,0,0,0,session_start,1,1,0,1
78729044.07663569199282519904,2020-11-07 04:01:22.698886 UTC,2020-11-07,2020-11,desktop,,Web,South Korea,(data deleted),(data deleted),(data deleted),(data deleted) / (data deleted),https://shop.googlemerchandisestore.com/myaccount.html,shop.googlemerchandisestore.com,1,0,0,0,0,0,0,session_start,1,1,0,1
1262212.4266949570956867224,2020-11-13 01:23:52.297721 UTC,2020-11-13,2020-11,desktop,en-us,Web,United States,(data deleted),(data deleted),(data deleted),(data deleted) / (data deleted),https://www.googlemerchandisestore.com/,www.googlemerchandisestore.com,1,0,0,0,0,0,0,session_start,1,1,0,1
4266006.6627148311217483590,2020-11-01 03:08:54.808258 UTC,2020-11-01,2020-11,desktop,en-us,Web,United States,(data deleted),(data deleted),(data deleted),(data deleted) / (data deleted),https://shop.googlemerchandisestore.com/,shop.googlemerchandisestore.com,1,0,0,0,0,0,0,session_start,1,1,0,1
8530148.21006041554664332980,2020-11-06 00:42:21.946352 UTC,2020-11-06,2020-11,mobile,en-us,Web,United States,(data deleted),(data deleted),(data deleted),(data deleted) / (data deleted),https://shop.googlemerchandisestore.com/Google+Redesign/Campus+Collection,shop.googlemerchandisestore.com,1,0,0,0,0,0,0,session_start,1,1,0,1
63055874.70128238056045346378,2020-12-13 12:42:29.677289 UTC,2020-12-13,2020-12,desktop,,Web,South Korea,(data deleted),(data deleted),(data deleted),(data deleted) / (data deleted),https://shop.googlemerchandisestore.com/Google+Redesign/Apparel,shop.googlemerchandisestore.com,1,0,0,0,0,0,0,session_start,1,1,0,1
35230362.06213874707678150297,2020-11-18 13:53:32.069774 UTC,2020-11-18,2020-11,desktop,en-gb,Macintosh,United States,(data deleted),(data deleted),(data deleted),(data deleted) / (data deleted),https://shop.googlemerchandisestore.com/Google+Redesign/New,shop.googlemerchandisestore.com,1,0,0,0,0,0,0,session_start,1,1,0,1
9202345.16251987505069104214,2020-11-02 14:47:43.095363 UTC,2020-11-02,2020-11,mobile,en-us,Web,United States,(data deleted),(data deleted),(data deleted),(data deleted) / (data deleted),https://shop.googlemerchandisestore.com/Google+Redesign/Apparel/Mens,shop.googlemerchandisestore.com,1,0,0,0,0,0,0,session_start,1,1,0,1
4996320.54138152527270186931,2020-11-09 12:21:21.024439 UTC,2020-11-09,2020-11,desktop,en-gb,Web,United States,(data deleted),(data deleted),(data deleted),(data deleted) / (data deleted),https://shop.googlemerchandisestore.com/Google+Redesign/Lifestyle/Small+Goods,shop.googlemerchandisestore.com,1,0,0,0,0,0,0,session_start,1,1,0,1
1165995.59567875683461623585,2020-12-01 16:11:18.564061 UTC,2020-12-01,2020-12,mobile,en-us,iOS,Brazil,(data deleted),(data deleted),(data deleted),(data deleted) / (data deleted),https://shop.googlemerchandisestore.com/Google+Redesign/Shop+by+Brand/YouTube,shop.googlemerchandisestore.com,1,0,0,0,0,0,0,session_start,1,1,0,1
5873898.49681070376793165602,2020-12-01 15:29:29.753186 UTC,2020-12-01,2020-12,desktop,,Web,India,(data deleted),(data deleted),(data deleted),(data deleted) / (data deleted),https://www.googlemerchandisestore.com/,www.googlemerchandisestore.com,1,0,0,0,0,0,0,session_start,1,1,0,1
43865911.24090841894536142735,2021-01-11 02:03:29.461647 UTC,2021-01-11,2021-01,desktop,en,Windows,Netherlands,(data deleted),(data deleted),(data deleted),(data deleted) / (data deleted),https://googlemerchandisestore.com/,googlemerchandisestore.com,1,0,0,0,0,0,0,session_start,1,1,0,1
47523931.38499916721218956043,2020-12-26 03:17:27.916477 UTC,2020-12-26,2020-12,desktop,en-us,Web,Ukraine,(data deleted),(data deleted),<Other>,(data deleted) / (data deleted),https://googlemerchandisestore.com/,googlemerchandisestore.com,1,0,0,0,0,0,0,session_start,1,1,0,1
1795540.61566379318945762102,2021-01-04 18:19:08.910340 UTC,2021-01-04,2021-01,desktop,,Web,Hong Kong,(data deleted),(data deleted),(data deleted),(data deleted) / (data deleted),https://shop.googlemerchandisestore.com/Google+Redesign/Campus+Collection,shop.googlemerchandisestore.com,1,0,0,0,0,0,0,session_start,1,1,0,1
6703982.71560035292916539152,2020-12-08 00:31:10.942853 UTC,2020-12-08,2020-12,desktop,en-us,Macintosh,Japan,(data deleted),(data deleted),(data deleted),(data deleted) / (data deleted),https://shop.googlemerchandisestore.com/Google+Redesign/Apparel/Google+Womens+Puff+Jacket+Black,shop.googlemerchandisestore.com,1,0,0,0,0,0,0,session_start,1,1,0,1
3701258.99887279216371284824,2020-12-07 12:01:11.416920 UTC,2020-12-07,2020-12,desktop,en,Web,Netherlands,(data deleted),(data deleted),(data deleted),(data deleted) / (data deleted),https://shop.googlemerchandisestore.com/,shop.googlemerchandisestore.com,1,0,0,0,0,0,0,session_start,1,1,0,1
72926850.8031853955262157369,2020-12-05 17:16:27.500620 UTC,2020-12-05,2020-12,desktop,en-us,Web,United Kingdom,(data deleted),(data deleted),(data deleted),(data deleted) / (data deleted),https://shop.googlemerchandisestore.com/store-policies/frequently-asked-questions/,shop.googlemerchandisestore.com,1,0,0,0,0,0,0,session_start,1,1,0,1
15772722.10024160468311336374,2020-11-22 05:55:25.151432 UTC,2020-11-22,2020-11,mobile,,iOS,Canada,(data deleted),(data deleted),(data deleted),(data deleted) / (data deleted),https://shop.googlemerchandisestore.com/Google+Redesign/eco+friendly,shop.googlemerchandisestore.com,1,0,0,0,0,0,0,session_start,1,1,0,1
1541290.99815251233267483442,2021-01-30 20:52:46.330487 UTC,2021-01-30,2021-01,desktop,en-gb,Web,Turkey,(data deleted),(data deleted),(data deleted),(data deleted) / (data deleted),https://shop.googlemerchandisestore.com/Google+Redesign/Apparel,shop.googlemerchandisestore.com,1,0,0,0,0,0,0,session_start,1,1,0,1
48084334.7420777251309739658,2020-12-01 10:55:47.923876 UTC,2020-12-01,2020-12,desktop,en-us,Web,United States,(data deleted),(data deleted),(data deleted),(data deleted) / (data deleted),https://shop.googlemerchandisestore.com/,shop.googlemerchandisestore.com,1,0,0,0,0,0,0,session_start,1,1,0,1
78535560.04991764728094817212,2020-11-25 19:26:49.051042 UTC,2020-11-25,2020-11,desktop,,Web,United States,(data deleted),(data deleted),(data deleted),(data deleted) / (data deleted),https://shop.googlemerchandisestore.com/Google+Redesign/Drinkware/Google+Thermal+Tumbler+Navy,shop.googlemerchandisestore.com,1,0,0,0,0,0,0,session_start,1,1,0,1
1725388.10365134171104202835,2020-12-02 16:45:02.479571 UTC,2020-12-02,2020-12,desktop,,Macintosh,United States,(data deleted),(data deleted),(data deleted),(data deleted) / (data deleted),https://googlemerchandisestore.com/,googlemerchandisestore.com,1,0,0,0,0,0,0,session_start,1,1,0,1
81484612.34758143993803383999,2021-01-24 19:50:46.390526 UTC,2021-01-24,2021-01,desktop,,Macintosh,United States,(data deleted),(data deleted),(data deleted),(data deleted) / (data deleted),https://shop.googlemerchandisestore.com/basket.html,shop.googlemerchandisestore.com,1,0,0,0,0,0,0,session_start,1,1,0,1
2738535.97163664963298253170,2020-11-16 02:58:19.937733 UTC,2020-11-16,2020-11,mobile,en-us,Web,Switzerland,(data deleted),(data deleted),(data deleted),(data deleted) / (data deleted),https://www.googlemerchandisestore.com/,www.googlemerchandisestore.com,1,0,0,0,0,0,0,session_start,1,1,0,1
6340026.24807188605056412530,2021-01-02 23:57:23.051358 UTC,2021-01-02,2021-01,desktop,de,Web,United Kingdom,(data deleted),(data deleted),(data deleted),(data deleted) / (data deleted),https://googlemerchandisestore.com/,googlemerchandisestore.com,1,0,0,0,0,0,0,session_start,1,1,0,1
8027577352.18955387515693056582,2020-12-08 05:55:13.127371 UTC,2020-12-08,2020-12,desktop,,Web,Peru,(data deleted),(data deleted),(data deleted),(data deleted) / (data deleted),https://googlemerchandisestore.com/,googlemerchandisestore.com,1,0,0,0,0,0,0,session_start,1,1,0,1
16158597.91999000071139750578,2020-11-08 16:40:23.476370 UTC,2020-11-08,2020-11,desktop,en-gb,Windows,India,(data deleted),(data deleted),(data deleted),(data deleted) / (data deleted),https://shop.googlemerchandisestore.com/Google+Redesign/Lifestyle/Bags,shop.googlemerchandisestore.com,1,0,0,0,0,0,0,session_start,1,1,0,1
6269473.51275056202363103144,2020-12-12 18:59:41.223211 UTC,2020-12-12,2020-12,mobile,,Android,United States,(data deleted),(data deleted),(data deleted),(data deleted) / (data deleted),https://shop.googlemerchandisestore.com/Google+Redesign/Apparel/Womens,shop.googlemerchandisestore.com,1,0,0,0,0,0,0,session_start,1,1,0,1
24758098.67277800658513530726,2020-11-05 16:20:12.874013 UTC,2020-11-05,2020-11,mobile,,iOS,United Kingdom,(data deleted),(data deleted),(data deleted),(data deleted) / (data deleted),https://shop.googlemerchandisestore.com/,shop.googlemerchandisestore.com,1,0,0,0,0,0,0,session_start,1,1,0,1
2448440.09558465122024286997,2020-12-22 14:42:22.366179 UTC,2020-12-22,2020-12,desktop,,Web,Poland,(data deleted),(data deleted),(data deleted),(data deleted) / (data deleted),https://shop.googlemerchandisestore.com/,shop.googlemerchandisestore.com,1,0,0,0,0,0,0,session_start,1,1,0,1
8260798.64387070723249560066,2021-01-10 21:21:34.865263 UTC,2021-01-10,2021-01,desktop,en-us,Web,Indonesia,(data deleted),(data deleted),(data deleted),(data deleted) / (data deleted),https://shop.googlemerchandisestore.com/Google+Redesign/eco+friendly,shop.googlemerchandisestore.com,1,0,0,0,0,0,0,session_start,1,1,0,1
12354017.0107884611496319403,2020-12-02 15:04:47.073285 UTC,2020-12-02,2020-12,desktop,en-us,Web,United States,(data deleted),(data deleted),(data deleted),(data deleted) / (data deleted),https://shop.googlemerchandisestore.com/,shop.googlemerchandisestore.com,1,0,0,0,0,0,0,session_start,1,1,0,1
17831023.65998665998725356073,2021-01-13 13:38:07.982746 UTC,2021-01-13,2021-01,desktop,en-us,Windows,Myanmar (Burma),(data deleted),(data deleted),(data deleted),(data deleted) / (data deleted),https://shop.googlemerchandisestore.com/,shop.googlemerchandisestore.com,1,0,0,0,0,0,0,session_start,1,1,0,1
27529375.10210664768746483080,2020-12-15 19:51:16.563105 UTC,2020-12-15,2020-12,desktop,en-us,Web,United States,(data deleted),(data deleted),(data deleted),(data deleted) / (data deleted),https://shop.googlemerchandisestore.com/,shop.googlemerchandisestore.com,1,0,0,0,0,0,0,session_start,1,1,0,1
6952456.43266582116670886087,2021-01-29 21:48:17.749924 UTC,2021-01-29,2021-01,desktop,en-us,Web,China,(data deleted),(data deleted),(data deleted),(data deleted) / (data deleted),https://www.googlemerchandisestore.com/,www.googlemerchandisestore.com,1,0,0,0,0,0,0,session_start,1,1,0,1
3179820470.62959934506499518828,2020-11-08 04:28:05.511253 UTC,2020-11-08,2020-11,desktop,,Web,United States,(data deleted),(data deleted),(data deleted),(data deleted) / (data deleted),https://shop.googlemerchandisestore.com/Google+Redesign/Apparel,shop.googlemerchandisestore.com,1,0,0,0,0,0,0,session_start,1,1,0,1
1413254.81328525583284833775,2021-01-21 06:07:53.635347 UTC,2021-01-21,2021-01,desktop,en-us,Web,United States,(data deleted),(data deleted),(data deleted),(data deleted) / (data deleted),https://shop.googlemerchandisestore.com/,shop.googlemerchandisestore.com,1,0,0,0,0,0,0,session_start,1,1,0,1
95956898.66388714889461815534,2020-11-04 20:02:18.316585 UTC,2020-11-04,2020-11,desktop,,Web,India,(data deleted),(data deleted),(data deleted),(data deleted) / (data deleted),https://shop.googlemerchandisestore.com/,shop.googlemerchandisestore.com,1,0,0,0,0,0,0,session_start,1,1,0,1
79305784.76237175783975386095,2020-11-10 18:06:55.853736 UTC,2020-11-10,2020-11,desktop,,Web,United Kingdom,(data deleted),(data deleted),(data deleted),(data deleted) / (data deleted),https://shop.googlemerchandisestore.com/signin.html,shop.googlemerchandisestore.com,1,0,0,0,0,0,0,session_start,1,1,0,1
9189460.2586957557274509680,2020-11-09 13:46:28.874359 UTC,2020-11-09,2020-11,desktop,en,Web,Australia,(data deleted),(data deleted),<Other>,(data deleted) / (data deleted),https://shop.googlemerchandisestore.com/Google+Redesign/New,shop.googlemerchandisestore.com,1,0,0,0,0,0,0,session_start,1,1,0,1
7878850.10903654528576046840,2020-11-13 23:39:29.542850 UTC,2020-11-13,2020-11,desktop,en-us,Windows,Taiwan,(data deleted),(data deleted),(data deleted),(data deleted) / (data deleted),https://www.googlemerchandisestore.com/,www.googlemerchandisestore.com,1,0,0,0,0,0,0,session_start,1,1,0,1
4012867.28367779361644620966,2020-12-17 11:24:56.787911 UTC,2020-12-17,2020-12,desktop,,Macintosh,Taiwan,(data deleted),(data deleted),(data deleted),(data deleted) / (data deleted),https://googlemerchandisestore.com/,googlemerchandisestore.com,1,0,0,0,0,0,0,session_start,1,1,0,1
8403944.94247065807932868470,2020-11-05 16:59:34.724946 UTC,2020-11-05,2020-11,desktop,en-us,Web,China,(data deleted),(data deleted),(data deleted),(data deleted) / (data deleted),https://shop.googlemerchandisestore.com/,shop.googlemerchandisestore.com,1,0,0,0,0,0,0,session_start,1,1,0,1
91257835.16038363566881394252,2021-01-09 09:49:23.379052 UTC,2021-01-09,2021-01,desktop,,Web,United States,(data deleted),(data deleted),(data deleted),(data deleted) / (data deleted),https://shop.googlemerchandisestore.com/Google+Redesign/Apparel/Mens/Mens+T+Shirts,shop.googlemerchandisestore.com,1,0,0,0,0,0,0,session_start,1,1,0,1
7954132.78459724027852726482,2020-12-25 11:59:41.717982 UTC,2020-12-25,2020-12,desktop,en-gb,Web,United States,(data deleted),(data deleted),(data deleted),(data deleted) / (data deleted),https://shop.googlemerchandisestore.com/Google+Redesign/Lifestyle/Bags,shop.googlemerchandisestore.com,1,0,0,0,0,0,0,session_start,1,1,0,1
71495962.78541807539600764715,2021-01-28 09:36:13.990704 UTC,2021-01-28,2021-01,desktop,,Windows,United States,(data deleted),(data deleted),(data deleted),(data deleted) / (data deleted),https://shop.googlemerchandisestore.com/basket.html,shop.googlemerchandisestore.com,1,0,0,0,0,0,0,session_start,1,1,0,1
43172165.24892235531216106651,2020-12-20 13:30:22.296162 UTC,2020-12-20,2020-12,mobile,,Web,Portugal,(data deleted),(data deleted),(data deleted),(data deleted) / (data deleted),https://shop.googlemerchandisestore.com/Google+Redesign/Google+Crew+Sweater+Navy,shop.googlemerchandisestore.com,1,0,0,0,0,0,0,session_start,1,1,0,1
67115901.40206089085037825738,2021-01-29 21:05:29.881051 UTC,2021-01-29,2021-01,mobile,,Web,Canada,(data deleted),(data deleted),(data deleted),(data deleted) / (data deleted),https://shop.googlemerchandisestore.com/ordercompleted.html,shop.googlemerchandisestore.com,1,0,0,0,0,0,0,session_start,1,1,0,1
1312237.61553310008400815533,2021-01-04 14:31:41.355735 UTC,2021-01-04,2021-01,desktop,,Macintosh,United States,(data deleted),(data deleted),(data deleted),(data deleted) / (data deleted),https://googlemerchandisestore.com/,googlemerchandisestore.com,1,0,0,0,0,0,0,session_start,1,1,0,1
56570710.08222176229744854367,2020-11-02 21:36:14.783212 UTC,2020-11-02,2020-11,mobile,de,Android,Ecuador,(data deleted),(data deleted),(data deleted),(data deleted) / (data deleted),https://shop.googlemerchandisestore.com/store.html,shop.googlemerchandisestore.com,1,0,0,0,0,0,0,session_start,1,1,0,1
7588174.38837073461986953278,2020-12-22 00:00:05.251910 UTC,2020-12-22,2020-12,desktop,,Web,United States,(data deleted),(data deleted),(data deleted),(data deleted) / (data deleted),https://shop.googlemerchandisestore.com/Google+Redesign/Accessories/Google+Mural+Sticker+Sheet,shop.googlemerchandisestore.com,1,0,0,0,0,0,0,session_start,1,1,0,1
41272426.79512253627914978608,2021-01-20 07:37:11.472973 UTC,2021-01-20,2021-01,mobile,,iOS,United Kingdom,(data deleted),(data deleted),(data deleted),(data deleted) / (data deleted),https://shop.googlemerchandisestore.com/,shop.googlemerchandisestore.com,1,0,0,0,0,0,0,session_start,1,1,0,1
4867304.29317381012070840577,2020-12-13 09:58:22.164257 UTC,2020-12-13,2020-12,desktop,,Web,United States,(data deleted),(data deleted),(data deleted),(data deleted) / (data deleted),https://shop.googlemerchandisestore.com/,shop.googlemerchandisestore.com,1,0,0,0,0,0,0,session_start,1,1,0,1
79620930.84488343113581727959,2020-11-09 21:47:21.873122 UTC,2020-11-09,2020-11,desktop,en-us,Web,United States,(data deleted),(data deleted),(data deleted),(data deleted) / (data deleted),https://shop.googlemerchandisestore.com/Google+Redesign/Accessories,shop.googlemerchandisestore.com,1,0,0,0,0,0,0,session_start,1,1,0,1
29446453.05925920798610319885,2021-01-17 14:54:56.513417 UTC,2021-01-17,2021-01,desktop,,Web,(not set),(data deleted),(data deleted),(data deleted),(data deleted) / (data deleted),https://shop.googlemerchandisestore.com/barrilito,shop.googlemerchandisestore.com,1,0,0,0,0,0,0,session_start,1,1,0,1
41865313.52429415234081131892,2020-11-22 16:30:55.750652 UTC,2020-11-22,2020-11,desktop,en-ca,Windows,United States,(data deleted),(data deleted),(data deleted),(data deleted) / (data deleted),https://shop.googlemerchandisestore.com/Google+Redesign/Campus+Collection,shop.googlemerchandisestore.com,1,0,0,0,0,0,0,session_start,1,1,0,1
63806548.56855626198055377861,2020-11-22 08:17:14.239372 UTC,2020-11-22,2020-11,mobile,en-us,iOS,India,(data deleted),(data deleted),(data deleted),(data deleted) / (data deleted),https://shop.googlemerchandisestore.com/basket.html,shop.googlemerchandisestore.com,1,0,0,0,0,0,0,session_start,1,1,0,1
7741648.81348411497264432759,2020-11-29 06:21:52.255709 UTC,2020-11-29,2020-11,tablet,en-us,Android,Canada,(data deleted),(data deleted),(data deleted),(data deleted) / (data deleted),https://shop.googlemerchandisestore.com/Google+Redesign/Apparel,shop.googlemerchandisestore.com,1,0,0,0,0,0,0,session_start,1,1,0,1
3239280.98257708244272614182,2020-11-10 18:55:18.651164 UTC,2020-11-10,2020-11,mobile,,Web,France,(data deleted),(data deleted),(data deleted),(data deleted) / (data deleted),https://shop.googlemerchandisestore.com/Google+Redesign/Apparel/Kids,shop.googlemerchandisestore.com,1,0,0,0,0,0,0,session_start,1,1,0,1
43564327.92090281486154409849,2020-11-09 18:31:31.774766 UTC,2020-11-09,2020-11,desktop,,Web,United States,(data deleted),(data deleted),(data deleted),(data deleted) / (data deleted),https://shop.googlemerchandisestore.com/Google+Redesign/Clearance,shop.googlemerchandisestore.com,1,0,0,0,0,0,0,session_start,1,1,0,1
47515634.0452819199251876838,2020-12-09 08:14:04.252617 UTC,2020-12-09,2020-12,desktop,,Windows,Canada,(data deleted),(data deleted),(data deleted),(data deleted) / (data deleted),https://shop.googlemerchandisestore.com/myaccount.html,shop.googlemerchandisestore.com,1,0,0,0,0,0,0,session_start,1,1,0,1
5541901.99083232415211473213,2020-11-01 12:00:49.953907 UTC,2020-11-01,2020-11,desktop,zh,Web,Brazil,(data deleted),(data deleted),(data deleted),(data deleted) / (data deleted),https://shop.googlemerchandisestore.com/signin.html,shop.googlemerchandisestore.com,1,0,0,0,0,0,0,session_start,1,1,0,1
6788372.32078519205685156095,2021-01-13 04:20:40.578196 UTC,2021-01-13,2021-01,desktop,en-gb,Web,Taiwan,(data deleted),(data deleted),(data deleted),(data deleted) / (data deleted),https://shop.googlemerchandisestore.com/Google+Redesign/Shop+by+Brand/YouTube,shop.googlemerchandisestore.com,1,0,0,0,0,0,0,session_start,1,1,0,1
4250373.64402029258529198255,2020-11-05 17:11:20.020051 UTC,2020-11-05,2020-11,desktop,en-us,Web,United States,(data deleted),(data deleted),(data deleted),(data deleted) / (data deleted),https://shop.googlemerchandisestore.com/store.html,shop.googlemerchandisestore.com,1,0,0,0,0,0,0,session_start,1,1,0,1
48991216.3514208719260767633,2021-01-21 16:58:18.017231 UTC,2021-01-21,2021-01,desktop,en-gb,Web,United States,(data deleted),(data deleted),(data deleted),(data deleted) / (data deleted),https://shop.googlemerchandisestore.com/basket.html,shop.googlemerchandisestore.com,1,0,0,0,0,0,0,session_start,1,1,0,1
59840231.34149955258403957609,2021-01-18 21:12:25.359066 UTC,2021-01-18,2021-01,desktop,,Windows,Malaysia,(data deleted),(data deleted),(data deleted),(data deleted) / (data deleted),https://shop.googlemerchandisestore.com/,shop.googlemerchandisestore.com,1,0,0,0,0,0,0,session_start,1,1,0,1
5255062.6890926265808685903,2020-11-02 05:28:45.517540 UTC,2020-11-02,2020-11,desktop,en-us,Web,Mexico,(data deleted),(data deleted),(data deleted),(data deleted) / (data deleted),https://www.googlemerchandisestore.com/,www.googlemerchandisestore.com,1,0,0,0,0,0,0,session_start,1,1,0,1
83413559.1845149635961904205,2020-11-22 14:39:14.752959 UTC,2020-11-22,2020-11,tablet,en-gb,Web,India,(data deleted),(data deleted),(data deleted),(data deleted) / (data deleted),https://shop.googlemerchandisestore.com/Google+Redesign/Shop+by+Brand/YouTube,shop.googlemerchandisestore.com,1,0,0,0,0,0,0,session_start,1,1,0,1
1720059.79803762906801856253,2020-11-02 18:40:22.865315 UTC,2020-11-02,2020-11,desktop,en-us,Web,Mexico,(data deleted),(data deleted),(data deleted),(data deleted) / (data deleted),https://shop.googlemerchandisestore.com/,shop.googlemerchandisestore.com,1,0,0,0,0,0,0,session_start,1,1,0,1
57239293.47739971843435154416,2020-11-10 09:47:46.968217 UTC,2020-11-10,2020-11,desktop,en-ca,Windows,Mexico,(data deleted),(data deleted),(data deleted),(data deleted) / (data deleted),https://shop.googlemerchandisestore.com/Google+Redesign/Clearance,shop.googlemerchandisestore.com,1,0,0,0,0,0,0,session_start,1,1,0,1
20275563.18099971926013128970,2020-12-08 20:07:12.876408 UTC,2020-12-08,2020-12,mobile,en-us,iOS,United States,(data deleted),(data deleted),(data deleted),(data deleted) / (data deleted),https://shop.googlemerchandisestore.com/,shop.googlemerchandisestore.com,1,0,0,0,0,0,0,session_start,1,1,0,1
69838487.18533250882726608503,2020-12-08 20:09:57.123728 UTC,2020-12-08,2020-12,desktop,en,Web,United States,(data deleted),(data deleted),(data deleted),(data deleted) / (data deleted),https://shop.googlemerchandisestore.com/Google+Redesign/eco+friendly,shop.googlemerchandisestore.com,1,0,0,0,0,0,0,session_start,1,1,0,1
85602501.5347470113224221117,2021-01-27 04:55:28.978322 UTC,2021-01-27,2021-01,desktop,en-us,Web,Russia,(data deleted),(data deleted),(data deleted),(data deleted) / (data deleted),https://shop.googlemerchandisestore.com/,shop.googlemerchandisestore.com,1,0,0,0,0,0,0,session_start,1,1,0,1
64267417.47767717551112092560,2020-11-30 10:54:20.513253 UTC,2020-11-30,2020-11,desktop,,Web,India,(data deleted),(data deleted),(data deleted),(data deleted) / (data deleted),https://shop.googlemerchandisestore.com/,shop.googlemerchandisestore.com,1,0,0,0,0,0,0,session_start,1,1,0,1
1563588.53773593905201164527,2021-01-18 00:30:58.264900 UTC,2021-01-18,2021-01,desktop,en-us,<Other>,Taiwan,(data deleted),(data deleted),(data deleted),(data deleted) / (data deleted),https://shop.googlemerchandisestore.com/,shop.googlemerchandisestore.com,1,0,0,0,0,0,0,session_start,1,1,0,1
61234221.10725240732933374248,2020-11-24 16:51:12.337033 UTC,2020-11-24,2020-11,desktop,en-us,Macintosh,United States,(data deleted),(data deleted),(data deleted),(data deleted) / (data deleted),https://googlemerchandisestore.com/,googlemerchandisestore.com,1,0,0,0,0,0,0,session_start,1,1,0,1
13486403.66073139993076884911,2020-11-09 14:02:29.343648 UTC,2020-11-09,2020-11,desktop,,Web,Bahrain,(data deleted),(data deleted),(data deleted),(data deleted) / (data deleted),https://shop.googlemerchandisestore.com/,shop.googlemerchandisestore.com,1,0,0,0,0,0,0,session_start,1,1,0,1
80733617.80821611117799934543,2020-12-27 11:22:34.103320 UTC,2020-12-27,2020-12,mobile,,Android,United States,(data deleted),(data deleted),(data deleted),(data deleted) / (data deleted),https://shop.googlemerchandisestore.com/Google+Redesign/Office/Google+Clear+Pen+4pack,shop.googlemerchandisestore.com,1,0,0,0,0,0,0,session_start,1,1,0,1
8223256.57650603743035252388,2020-11-25 08:22:06.373106 UTC,2020-11-25,2020-11,desktop,en-us,Web,India,(data deleted),(data deleted),(data deleted),(data deleted) / (data deleted),https://shop.googlemerchandisestore.com/Google+Redesign/Shop+by+Brand/Google,shop.googlemerchandisestore.com,1,0,0,0,0,0,0,session_start,1,1,0,1
42420462.80128426748425613635,2020-11-29 12:24:48.976927 UTC,2020-11-29,2020-11,desktop,en-us,Macintosh,United States,(data deleted),(data deleted),(data deleted),(data deleted) / (data deleted),https://shop.googlemerchandisestore.com/Google+Redesign/Lifestyle/Drinkware,shop.googlemerchandisestore.com,1,0,0,0,0,0,0,session_start,1,1,0,1
90921943.87486395599409359766,2020-11-16 18:10:32.246865 UTC,2020-11-16,2020-11,mobile,,Web,Philippines,(data deleted),(data deleted),(data deleted),(data deleted) / (data deleted),https://googlemerchandisestore.com/,googlemerchandisestore.com,1,0,0,0,0,0,0,session_start,1,1,0,1
3460668.47192496559437502387,2020-12-19 09:25:58.365668 UTC,2020-12-19,2020-12,mobile,en-gb,Web,United States,(data deleted),(data deleted),(data deleted),(data deleted) / (data deleted),https://www.googlemerchandisestore.com/,www.googlemerchandisestore.com,1,0,0,0,0,0,0,session_start,1,1,0,1
6311319.77133003517674372122,2021-01-28 18:51:04.195600 UTC,2021-01-28,2021-01,desktop,en-us,Web,Malaysia,(data deleted),(data deleted),(data deleted),(data deleted) / (data deleted),https://www.googlemerchandisestore.com/,www.googlemerchandisestore.com,1,0,0,0,0,0,0,session_start,1,1,0,1
86375556.4268390467993866147,2021-01-05 22:11:49.845690 UTC,2021-01-05,2021-01,mobile,en-us,Web,Brazil,(data deleted),(data deleted),(data deleted),(data deleted) / (data deleted),https://shop.googlemerchandisestore.com/Google+Redesign/Apparel,shop.googlemerchandisestore.com,1,0,0,0,0,0,0,session_start,1,1,0,1
41434088.57313720548339800845,2021-01-27 14:10:01.499074 UTC,2021-01-27,2021-01,mobile,,Web,United States,(data deleted),(data deleted),(data deleted),(data deleted) / (data deleted),https://shop.googlemerchandisestore.com/page,shop.googlemerchandisestore.com,1,0,0,0,0,0,0,session_start,1,1,0,1
71299707.95957773484577234966,2021-01-27 14:27:09.521868 UTC,2021-01-27,2021-01,desktop,en-us,Windows,Canada,(data deleted),(data deleted),(data deleted),(data deleted) / (data deleted),https://shop.googlemerchandisestore.com/store-policies/frequently-asked-questions/,shop.googlemerchandisestore.com,1,0,0,0,0,0,0,session_start,1,1,0,1
1858081.40414915185780204803,2020-11-30 09:01:40.825438 UTC,2020-11-30,2020-11,mobile,en-us,iOS,United States,(data deleted),(data deleted),(data deleted),(data deleted) / (data deleted),https://shop.googlemerchandisestore.com/Google+Redesign/Clearance,shop.googlemerchandisestore.com,1,0,0,0,0,0,0,session_start,1,1,0,1
52580104.51758101642843336136,2020-12-20 11:08:00.549968 UTC,2020-12-20,2020-12,desktop,,Macintosh,Taiwan,(data deleted),(data deleted),(data deleted),(data deleted) / (data deleted),https://shop.googlemerchandisestore.com/Google+Redesign/New,shop.googlemerchandisestore.com,1,0,0,0,0,0,0,session_start,1,1,0,1
6878255.77669124028732454308,2021-01-23 19:17:58.701745 UTC,2021-01-23,2021-01,desktop,en-gb,Windows,Turkey,(data deleted),(data deleted),(data deleted),(data deleted) / (data deleted),https://shop.googlemerchandisestore.com/store.html,shop.googlemerchandisestore.com,1,0,0,0,0,0,0,session_start,1,1,0,1
81219601.68657664581228208684,2020-11-20 03:48:26.115887 UTC,2020-11-20,2020-11,mobile,,iOS,Canada,(data deleted),(data deleted),(data deleted),(data deleted) / (data deleted),https://shop.googlemerchandisestore.com/,shop.googlemerchandisestore.com,1,0,0,0,0,0,0,session_start,1,1,0,1
74865008.45581799754273367742,2021-01-25 13:11:11.932955 UTC,2021-01-25,2021-01,mobile,en-us,Web,Ukraine,(data deleted),(data deleted),(data deleted),(data deleted) / (data deleted),https://shop.googlemerchandisestore.com/Google+Redesign/Apparel/Mens,shop.googlemerchandisestore.com,1,0,0,0,0,0,0,session_start,1,1,0,1
59184757.02660652552408920153,2020-12-14 01:06:30.951262 UTC,2020-12-14,2020-12,mobile,,Web,United States,(data deleted),(data deleted),(data deleted),(data deleted) / (data deleted),https://shop.googlemerchandisestore.com/Google+Redesign/Apparel/Mens,shop.googlemerchandisestore.com,1,0,0,0,0,0,0,session_start,1,1,0,1
85083348.32702228562122238497,2020-12-17 09:16:07.578238 UTC,2020-12-17,2020-12,mobile,en-us,iOS,France,(data deleted),(data deleted),(data deleted),(data deleted) / (data deleted),https://shop.googlemerchandisestore.com/store-policies/shipping-information/,shop.googlemerchandisestore.com,1,0,0,0,0,0,0,session_start,1,1,0,1
42127816.66971887778815895552,2020-11-18 00:54:54.849989 UTC,2020-11-18,2020-11,mobile,en-gb,Android,South Korea,(data deleted),(data deleted),(data deleted),(data deleted) / (data deleted),https://shop.googlemerchandisestore.com/Google+Redesign/Apparel/Google+FC+Longsleeve+Charcoal,shop.googlemerchandisestore.com,1,0,0,0,0,0,0,session_start,1,1,0,1
7389002.08445626009438662941,2020-11-04 15:49:56.719718 UTC,2020-11-04,2020-11,desktop,,Web,United Kingdom,(data deleted),(data deleted),(data deleted),(data deleted) / (data deleted),https://www.googlemerchandisestore.com/,www.googlemerchandisestore.com,1,0,0,0,0,0,0,session_start,1,1,0,1
9003453375.81212264362421598184,2021-01-09 17:18:21.967929 UTC,2021-01-09,2021-01,desktop,en-us,Web,(not set),(data deleted),(data deleted),(data deleted),(data deleted) / (data deleted),https://googlemerchandisestore.com/,googlemerchandisestore.com,1,0,0,0,0,0,0,session_start,1,1,0,1
5009043.26618685231031430294,2020-11-12 16:39:08.570192 UTC,2020-11-12,2020-11,desktop,en-gb,Web,Germany,(data deleted),(data deleted),(data deleted),(data deleted) / (data deleted),https://googlemerchandisestore.com/,googlemerchandisestore.com,1,0,0,0,0,0,0,session_start,1,1,0,1
66682408.29956617262421144402,2021-01-06 05:00:13.215761 UTC,2021-01-06,2021-01,desktop,en-us,Macintosh,India,(data deleted),(data deleted),(data deleted),(data deleted) / (data deleted),https://shop.googlemerchandisestore.com/,shop.googlemerchandisestore.com,1,0,0,0,0,0,0,session_start,1,1,0,1
7219959.44008124486872948623,2020-11-24 00:22:40.066307 UTC,2020-11-24,2020-11,mobile,en-us,Android,Puerto Rico,(data deleted),(data deleted),(data deleted),(data deleted) / (data deleted),https://googlemerchandisestore.com/,googlemerchandisestore.com,1,0,0,0,0,0,0,session_start,1,1,0,1
1561053.391172695222759485,2021-01-03 12:51:10.607842 UTC,2021-01-03,2021-01,mobile,en-us,Web,United States,(data deleted),(data deleted),(data deleted),(data deleted) / (data deleted),https://shop.googlemerchandisestore.com/asearch.html,shop.googlemerchandisestore.com,1,0,0,0,0,0,0,session_start,1,1,0,1
29643815.78745647511235579294,2020-12-02 08:14:29.233650 UTC,2020-12-02,2020-12,desktop,,Web,United States,(data deleted),(data deleted),(data deleted),(data deleted) / (data deleted),https://googlemerchandisestore.com/,googlemerchandisestore.com,1,0,0,0,0,0,0,session_start,1,1,0,1